has, structure for Roscoea, for, images
won, titles, Between, 1964
fulfilled, role as centers, with, orders
form, tube, within, calyx
lacks, spines on lip, in, males
joined, Battalion of Guards, at, Army of Württemberg
form, lip, at, base
offered, teachings, across, order
resume, activities,,
took, control of state,,
teaching, mûrîd,,
following, hierarchy, in, orders
undertaking, journey to Mašriq, at, Mosque in Algiers
had, engine, in, rear
entered, school, in, 1781
has, flowers of roscoeas, as, one of members
advise, it, at, times
has, roofs, in, rubble with dressings
create, capacity, In, December
kill, anaconda, with, hands
represent, physicians, in, 1993
has, flowers,,
took, part, In, November
attacked, Sufis,,
encouraging, women, for, purposes
given, awards, in, trial by Society
gained, ground, in, April
bringing, unity, in, 1860
interviewed, amount of performers, In, addition
achieved, rank of Private, Upon, completion of years
won, medals in events, at, Championships
produce, cars,,
use, language,,
awarded, title of professor, In, 1971
take, control of player, In, addition
implementing, activity, on, July
extend, observatory, In, 2008
spread, awareness, amongst, audience
call, quits, to, life
criticized, RTHK, In, February
took, choir, on, tours to Germany
produced, batch of bodies,,
guided, team, After, seasons without silverware
requires, network at sites, by, earthquakes for instance
received, training, in, choir
have, songs, to, itunes
has, facilities in Boryspil,,
opened, vm.tv, In, 2008
taken, account of developments, On, hand
offering, experience, in, term of rallies
organised, Summit, for, time
Considering, experience, in, countries of CIS
launched, studies, at, faculty
collected, documents, Between, 1980
carries out, launching of production,,
made, it, To, anybody
travel, world,,
identified, themselves, to, Census
granted, ability, for, families
features, facilities of CTBTO for procedures,,
started, production for industry, Following, attack on Yugoslavia in April
includes, bureau,,
developing, policies,,
had, time of lives,,
has, flowers,,
has, anther,,
form, tube, within, calyx
rejoin, Army,,
lost, control over branches, After, insurrection of 1871
joined, Gesellschaft zu Berlin,,
appointed, him, In, 1813
served, Duke of Hildburghausen,,
entered, school, in, 1781
met, Gerhard, in, Prussia
founded, school, in, 1770s
withstand, exposure to sun, to, those for genus
form, lip, at, base
link, scholarship, to, issues
support, life,,
contains, range of trees,,
confronted, IFF, with, choice between dissolution
suffered, defeats, in, June
set, records m, Between, 1963
liked, music, In, end
beating, Terry, in, May
require, knowledge of Quran beyond verses,,
spent, time, Following, graduation
placed, 3rd in C, in, race
started, career, at, departments
play, shows, for, some of you
spend, years, at, Barracks in Naas
published, number of papers, From, 1933 to 1941
sold, share,,
include, changes such emblems,,
had, record in meets, over, years
climbed, volcano,,
paid, salary, in, manner
replaced, Robert, in, 1638
sacking, capital at Delhi, over, Kush
identify, targets,,
includes, reinforcement of hull, under, Program of 2010
had, complement between of four,,
enjoy, sex, With, regard to performers
aroused, discussion,,
undertook, refurbishing, As, 2012
has, structure for Roscoea, for, images
gave, command,,
include, Anthony in Safe, for, Work
bought, LuAZ, In, 2000
holds, degree in drama, from, University of London
joining, River, for, kilometres
required, equipment,,
won, medals from Championships,,
founded, company, in, Tønsberg
supported, team, In, 1986
had, limits on application,,
taking, direction, by, Board
get, control over labor,,
makes, movement, in, manoeuvre
quit, club, In, 2013
extend, easing of embargo, On, March
included, writers such Paul,,
used, connections with Duke, on, September
broker, agreement between officials, On, October
won, titles, In, 1990s
commended, whom, by, group of entrepreneurs
receiving, payments, following, publication of report in July
signs, Clube,,
appointed, satrap, as, Prophthasia
explains, success in Kabylia,,
access, competitions,,
produce, buses, in, Cherkasy
marginalize, viewpoints of women, At, studios
causes, precipitation of carbonate, from, springs along brook
has, fear,,
manufactured, vehicles, In, 1990
joined, her,,
offering, experience, in, term of rallies
purchased, boat, in, which
make, slices, in, combination with presses
bought out, holding, Following, bankruptcy of Motors in 2001
finishing, 23rd, at, Equestrian
following, patterns of porn, in, opposition
represented, Kerala, in, meet
obtained, degree in history, from, University in Canada
signed, one of contracts, In, 2004
received, votes, by, Eu.
promote, culture, by, Association
released, album, In, 2017
developing, missiles,,
started, production of buses, In, 2008
made, tours of Britain, to, landscapes of Cape
had, shafts,,
heading, constituency, In, autumn of 2003
signed, contract with Sochi, On, September
earned, diploma in technology, In, 1981
demolish, it, to, company
creates, need, on, preferences of majority
comprises, station, in, part of compartment
described, property, in, contact
include, parameters for power, from, % to %
core-funds, development of resources, In, addition to campaigns
signed, counter-petition, On, November
accommodates, engine with systems,,
leading, men, in, hotel
appointed, Omar, On, December
portraying, Kevin, in, series
inherited, Hackenbroich, in, February
signed, letter, In, July
received, training, in, choir
declaring, accord of March, In, 1970
signed, deal with Alsace, on, May
facilitating, Government 's of Somalia,,
enabled, rigidity of structure, as, 1931
recommended, reformation of Commission in accordance,,
requested, extension of mandate, In, January
dispatched, Captain, In, March
married, Dorothea, In, 1820
Stop, Robots, to, PAX For Peace
issued, decree, On, February
included, weeks of training on ground in Camp,,
commended, legislators, to, rules
includes, litter such twigs, by, vegetation
ended, drought,,
wrote, song, In, 1951
cut, assistance, On, November
attacked, beings, with, weaponry
shows, savings to compared airliners, on, 787
inaugurated, Week, In, April
began, career, with, Gorica
appointed, Abdi, On, October
describes, systems, as, systems
departed, Stavanger, on, June
studying, degrees, At, age of 47
won, Award, in, category
includes, bureau,,
transferred, Minister of Justice, On, October
ordered, all of ministers, with, duties
counters, weight, through, lift
prominent, leader of Movement,,
delayed, flight, from, start
toured, Venezuela, In, 2008
caused, cancellation of flights, In, 2000s
features, rapper,,
Assign, points, for, serves
paying, fifth of value, On, hand
reiterated, call, On, November
making, comments, In, 2013
shows, statistics of players, in, season
includes, flights,,
has, brother, as, centre-back
received, wildcards into draw,,
taken, place, in, Dakota
elected, Chairman, into, party
save, fuel, on, burn
Érase, Vez, in, shows such Vida
discussed, proposal,,
